date,account,commits
2023-01-29,__combined__,1
2023-01-30,__combined__,7
2023-03-26,__combined__,1
2023-05-01,__combined__,3
2023-05-05,__combined__,2
2023-05-06,__combined__,3
2023-05-08,__combined__,1
2023-05-11,__combined__,1
2023-05-13,__combined__,1
2023-05-26,__combined__,1
2023-07-18,__combined__,1
2023-08-08,__combined__,1
2023-09-25,__combined__,2
2023-09-29,__combined__,4
2023-10-15,__combined__,1
2023-12-31,__combined__,6
2024-01-01,__combined__,3
2024-01-06,__combined__,2
2024-01-12,__combined__,1
2024-01-13,__combined__,1
2024-01-14,__combined__,1
2024-01-15,__combined__,4
2024-01-22,__combined__,1
2024-01-24,__combined__,2
2024-01-29,__combined__,1
2024-02-06,__combined__,2
2024-02-07,__combined__,27
2024-04-04,__combined__,8
2024-06-09,__combined__,1
2024-06-12,__combined__,1
2024-07-10,__combined__,1
2024-10-05,__combined__,1
2024-10-30,__combined__,4
2024-12-02,__combined__,23
2025-03-17,__combined__,7
2025-03-23,__combined__,3
2025-04-11,__combined__,2
2025-04-13,__combined__,2
2025-04-14,__combined__,1
2025-04-15,__combined__,1
2025-04-19,__combined__,1
2025-05-13,__combined__,4
2025-05-14,__combined__,1
2025-05-23,__combined__,1
2025-05-24,__combined__,7
2025-05-25,__combined__,2
2025-05-26,__combined__,6
2025-05-27,__combined__,8
2025-05-29,__combined__,12
2025-05-30,__combined__,7
2025-05-31,__combined__,1
2025-06-01,__combined__,2
2025-07-16,__combined__,1
2025-08-03,__combined__,4
2025-08-21,__combined__,1
2025-08-23,__combined__,1
2025-08-31,__combined__,1
2025-10-06,__combined__,2
2025-10-09,__combined__,1
2025-10-17,__combined__,3
2025-10-26,__combined__,1
2025-10-27,__combined__,3
2025-11-04,__combined__,5
2025-11-05,__combined__,2
2025-11-06,__combined__,5
2025-11-09,__combined__,9
2025-11-11,__combined__,6
2025-11-12,__combined__,5
2025-11-17,__combined__,2
2025-11-18,__combined__,1
2025-11-25,__combined__,3
2025-11-26,__combined__,5
2025-11-27,__combined__,7
2025-12-01,__combined__,1
2025-12-02,__combined__,1
2025-12-03,__combined__,6
2025-12-06,__combined__,3
2025-12-07,__combined__,2
2025-12-17,__combined__,1
2025-12-20,__combined__,5
2025-12-22,__combined__,1
2026-01-06,__combined__,6
2026-01-07,__combined__,1
2026-01-08,__combined__,1
2026-01-11,__combined__,3
2026-01-12,__combined__,2
2026-01-14,__combined__,4
2026-01-15,__combined__,2
2026-01-16,__combined__,12
2026-01-17,__combined__,8
2026-01-18,__combined__,4
2026-01-19,__combined__,6
2026-01-20,__combined__,8
2026-01-21,__combined__,1
2026-01-25,__combined__,1
2026-01-26,__combined__,2
2026-01-28,__combined__,1
2026-01-29,__combined__,6
2026-02-02,__combined__,3
2026-02-03,__combined__,1
2026-02-04,__combined__,2
2026-02-05,__combined__,14
2026-02-06,__combined__,8
2026-02-08,__combined__,1
2026-02-09,__combined__,2
2026-02-10,__combined__,7
2026-02-11,__combined__,3
2026-02-12,__combined__,3
2026-02-15,__combined__,21
2026-02-22,__combined__,5
2026-02-23,__combined__,3
2026-02-24,__combined__,1
2026-02-25,__combined__,6
2026-04-15,__combined__,1
2023-01-29,AhmedAbubaker98,1
2023-01-30,AhmedAbubaker98,7
2023-03-26,AhmedAbubaker98,1
2023-05-01,AhmedAbubaker98,3
2023-05-05,AhmedAbubaker98,2
2023-05-06,AhmedAbubaker98,3
2023-05-08,AhmedAbubaker98,1
2023-05-11,AhmedAbubaker98,1
2023-05-13,AhmedAbubaker98,1
2023-05-26,AhmedAbubaker98,1
2023-07-18,AhmedAbubaker98,1
2023-08-08,AhmedAbubaker98,1
2023-09-25,AhmedAbubaker98,2
2023-09-29,AhmedAbubaker98,4
2023-10-15,AhmedAbubaker98,1
2023-12-31,AhmedAbubaker98,6
2024-01-01,AhmedAbubaker98,3
2024-01-06,AhmedAbubaker98,2
2024-01-12,AhmedAbubaker98,1
2024-01-13,AhmedAbubaker98,1
2024-01-14,AhmedAbubaker98,1
2024-01-15,AhmedAbubaker98,4
2024-01-22,AhmedAbubaker98,1
2024-01-24,AhmedAbubaker98,2
2024-01-29,AhmedAbubaker98,1
2024-02-06,AhmedAbubaker98,2
2024-02-07,AhmedAbubaker98,27
2024-04-04,AhmedAbubaker98,8
2024-06-09,AhmedAbubaker98,1
2024-06-12,AhmedAbubaker98,1
2024-07-10,AhmedAbubaker98,1
2024-10-05,AhmedAbubaker98,1
2024-10-30,AhmedAbubaker98,4
2024-12-02,AhmedAbubaker98,23
2025-03-17,AhmedAbubaker98,7
2025-03-23,AhmedAbubaker98,3
2025-04-11,AhmedAbubaker98,2
2025-04-13,AhmedAbubaker98,2
2025-04-14,AhmedAbubaker98,1
2025-04-15,AhmedAbubaker98,1
2025-04-19,AhmedAbubaker98,1
2025-05-13,AhmedAbubaker98,4
2025-05-14,AhmedAbubaker98,1
2025-05-23,AhmedAbubaker98,1
2025-05-24,AhmedAbubaker98,7
2025-05-25,AhmedAbubaker98,2
2025-05-26,AhmedAbubaker98,6
2025-05-27,AhmedAbubaker98,8
2025-05-29,AhmedAbubaker98,12
2025-05-30,AhmedAbubaker98,7
2025-05-31,AhmedAbubaker98,1
2025-06-01,AhmedAbubaker98,2
2025-07-16,AhmedAbubaker98,1
2025-08-03,AhmedAbubaker98,4
2025-10-17,AhmedAbubaker98,3
2026-01-15,AhmedAbubaker98,2
2026-01-16,AhmedAbubaker98,12
2026-01-17,AhmedAbubaker98,8
2026-01-19,AhmedAbubaker98,5
2026-01-20,AhmedAbubaker98,7
2026-02-02,AhmedAbubaker98,1
2026-02-09,AhmedAbubaker98,2
2026-04-15,AhmedAbubaker98,1
2025-08-21,AhmedElagibMarkaba,1
2025-08-23,AhmedElagibMarkaba,1
2025-08-31,AhmedElagibMarkaba,1
2025-10-06,AhmedElagibMarkaba,2
2025-10-09,AhmedElagibMarkaba,1
2025-10-26,AhmedElagibMarkaba,1
2025-10-27,AhmedElagibMarkaba,3
2025-11-04,AhmedElagibMarkaba,5
2025-11-05,AhmedElagibMarkaba,2
2025-11-06,AhmedElagibMarkaba,5
2025-11-09,AhmedElagibMarkaba,9
2025-11-11,AhmedElagibMarkaba,6
2025-11-12,AhmedElagibMarkaba,5
2025-11-17,AhmedElagibMarkaba,2
2025-11-18,AhmedElagibMarkaba,1
2025-11-25,AhmedElagibMarkaba,3
2025-11-26,AhmedElagibMarkaba,5
2025-11-27,AhmedElagibMarkaba,7
2025-12-01,AhmedElagibMarkaba,1
2025-12-02,AhmedElagibMarkaba,1
2025-12-03,AhmedElagibMarkaba,6
2025-12-06,AhmedElagibMarkaba,3
2025-12-07,AhmedElagibMarkaba,2
2025-12-17,AhmedElagibMarkaba,1
2025-12-20,AhmedElagibMarkaba,5
2025-12-22,AhmedElagibMarkaba,1
2026-01-06,AhmedElagibMarkaba,6
2026-01-07,AhmedElagibMarkaba,1
2026-01-08,AhmedElagibMarkaba,1
2026-01-11,AhmedElagibMarkaba,3
2026-01-12,AhmedElagibMarkaba,2
2026-01-14,AhmedElagibMarkaba,4
2026-01-18,AhmedElagibMarkaba,4
2026-01-19,AhmedElagibMarkaba,1
2026-01-20,AhmedElagibMarkaba,1
2026-01-21,AhmedElagibMarkaba,1
2026-01-25,AhmedElagibMarkaba,1
2026-01-26,AhmedElagibMarkaba,2
2026-01-28,AhmedElagibMarkaba,1
2026-01-29,AhmedElagibMarkaba,6
2026-02-02,AhmedElagibMarkaba,2
2026-02-03,AhmedElagibMarkaba,1
2026-02-04,AhmedElagibMarkaba,2
2026-02-05,AhmedElagibMarkaba,14
2026-02-06,AhmedElagibMarkaba,8
2026-02-08,AhmedElagibMarkaba,1
2026-02-10,AhmedElagibMarkaba,7
2026-02-11,AhmedElagibMarkaba,3
2026-02-12,AhmedElagibMarkaba,3
2026-02-15,AhmedElagibMarkaba,21
2026-02-22,AhmedElagibMarkaba,5
2026-02-23,AhmedElagibMarkaba,3
2026-02-24,AhmedElagibMarkaba,1
2026-02-25,AhmedElagibMarkaba,6
